Start time,End time,Language code,Confidence,Channel,Speaker tag,Transcript
0.000,58.900,es-us,,,,"Como ya casi como primerísimo bien, sí que iban a hacer como este proyecto y me interesó como para meterme al lado bienvenido bienvenido. Sí, genial, La idea, es hacer este proyecto para es Cómo empezar de cero con todo lo que ya hemos aprendido en las sesiones anteriores, que he hecho me di cuenta, no les compartí el video de la sesión anterior, Se los voy a compartir y ya estoy grabando el de este les comparto el de ambos, el objetivo es, eh? Con lo que hemos aprendido aplicarlo con un problema real, no, no queríamos Pues a pesar de que los ejercicios de libros están muy bien, son ejercicios de libro, seguramente van a funcionar, pero con un problema real, pues aprendes aprendes Cómo es desde cero, sí señor."
59.000,118.800,es-us,,,,"Y ya ustedes chicos Juan y Santiago Cómo les fue con ese dato préstamo. Yo pues la verdad, solamente como que lo miré por encima Pero no intenté como ni Buscar datos, eh? Es como raros o o por lo menos utilizarlo Entonces para realmente fue, pues no vale, vale, No hay problema y Juan no sé si Tuviste la oportunidad también de revisarlo, puedes revisar pero de hecho nosotros tres los que estamos acá Este Santi Y yo vivo en la misma parte, pues yo yo soy música como reclutando para que enteros y como en estos temas. Entonces creo que en estos días nos reuniremos y lo y lo revisaremos y le daremos un rato, vale? Vale, o puede ser con este datac también, pues eh, con este también con ustedes los precios."
118.900,176.500,es-us,0.85429,,,"Correcto Entonces si quieres, eh, HM lo que quiero mostrarles hoy es la primera etapa que vendría A la meditación proyecto de Machine learning, es recolectar los datos, eh? Los datos Por lo general. El mundo real no vienen tan limpios como le gustaría pero es parte del trabajo, aunque este tipo de tareas ya lo haría otro rol que se llamaríamos como de ir a ingeniero cosas, así que se que son las personas encargadas de recolectar los datos y prepararlos pero en este caso pues para que lo conozcan cómo funciona de cero, eh La idea es mostrarles cómo funciona este tipo de extracciones que se hacen entonces con ese objetivo Déjenme les muestro Cuál es nuestro nuestra página objetivo en la página que se llama Cars"
179.000,238.700,es-us,,,,"De venta de carros en Estados Unidos una de las más grandes pues la sesión anterior se había habíamos decidido esta porque era Tenía mucha más información que una aplicación colombiana y segundo dólares es decir quién contribuya o algo así con el proyecto Pues también ustedes podrían sacarle provecho en el futuro no nunca sabe Pero básicamente es como como es el objetivo la idea Cuál es extraer toda esta información hacer un análisis y de entrada para decir el precio en el futuro parecía lo que se hizo con con los bienes raíces en el otro ejercicio, eh? Sería aplicar o sea, algoritmos de detección de anomalías y cuando encuentras una anomalía, pues al final estás encontrando una oportunidad es el típico bueno, el bonito y barato uno que un un carrito que encuentras por ahí que"
238.900,298.800,es-us,0.80590,,,"Debajo del precio se encuentra en un Rango de que vale la pena invertir, básicamente Esto es lo que podemos hacer con algoritmos como Machine learning regresivos y el otro es generativo el que nos permite generativo o no supervisado también el que no nos permite encontrar este estos pequeños tesoritos en el mercado, eh? Es genial poder tener esa información en la sesión anterior también les había mostrado Cómo funcionaba con con la tabla Excel como mostrándoles este es el precio que debería tener este Rango está, no, eh? Los inmuebles están por debajo tanto por ciento este está, eh? Infravalorado este está súper valorado, no sé cómo se llama cuando está por encima del precio que debería entonces La idea, es hacer básicamente lo mismo desde cero con este ejercicio con el de autos entonces La idea es crear un Script que pueda Navegar en todas estas páginas."
299.000,358.900,es-us,,,,"Rápidamente y sacar la información de todos los autos y el detalle la información que vendría siendo precio, Qué tipo de quizás kilometraje quizás, eh? Si es nuevo o no quizás, eh, referencias, por ejemplo, estos datos también serían los que los que podrían ser interesantes para nosotros, Vale entonces para hacer este tipo de tarea que se puede extraer César Bueno o sea, sí, señor Pues porque es interesante también finalmente, sino también seguía por eso cuando va a comprar, por ejemplo, un vehículo Y es que que tan buen estado así físico no lo vea también correcto Okay eso Que dices Digamos que ya sería al final cuando ya se hace el filtro el el modelo que vamos a construir, no considerar la foto, es más un factor humano cuando ya dices este parece una buena oportunidad. Veamos la foto ya cuando miras el detalle yo cuando explicaba esto Ah a uno de mis compañeros con los que a uno de"
359.000,418.500,es-us,0.85460,,,"los con los que he estado trabajando en esto yo les decía al final lo que está haciendo el modelo es simplificar a mí el trabajo de tener que ir apartamento por apartamento y visitar todas las páginas web y visitar y hacer los cálculos todo eso lo está haciendo automático y al final lo que ya me enfoco son en estas en estas oportunidades que todavía no sé si son 100% oportunidades, pero miro las fotos ya del inmueble y miró más detalles, pero me simplifica toda la tarea que es ver y filtrar entonces sí, Este vale, digamos este proyecto va a ser como el scraping de solamente una página o se pretende Cómo analizar varias páginas y hacer como la comparativa de precios entre esas variables de momento solo una y la comparativa es entre los mismos autos que aparecen Allí sí, O sea que están vendiendo el mismo modelo con diferencias y"
418.900,478.600,es-us,,,,"Precio y los datos mismos nos dicen si es buena oportunidad o no, pero por momento por ahora solo una porque implica más trabajo más algoritmos de scrap y sacar más datos de otras páginas listo, Dale gracias listo Entonces cómo logramos hacer esto, eh? Hay una herramienta llamada una librería llamada scraping Ese es el nombre Eh yo lo uso mucho para este tipo de tareas en python que como su nombre lo dice es como un raspador raspa información de internet y lo hace de una forma muy rápida porque, eh es Cómo usar solamente el código o los servicios usa el browser pero lo que pasó con el browser es que él tiene que renderizar todo el código cargar la imagen, eh? Descargar todos sus datos Y eso toma mucho más tiempo y mucho más recursos entonces Esto hace lo mismo pero en background lo que hace es se ahorra toda la parte de renderización."
479.000,538.300,es-us,,,,"Permíteme trae el código fuente o incluso el mismo el mismo json la misma respuesta y con eso yo lo que hago es cortarlo en base de datos y y me queda mucho más fácil, es la velocidad de extracción, es mucho más alto antes de mostrarles el código Eh hay algo importante que hay que mostrarles que es hay algo que se llama en las páginas web, el documento punto robots en este momento, eh? Robot.txt. Espera. Entonces podemos sacar sacar así no los robots de acuerdo, Ah mira es robots robots.txt este documento lo tienen la mayoría de las páginas y te indica básicamente, qué está permitido y que está no permitido extraer con un proceso automatizado un proceso de scrap, cómo se dan cuenta todo está baneado, básicamente todo está deshabilitado deshabilitado Y esto es básicamente."
539.000,598.800,es-us,,,,"Me curo en salud de decirte que no te no puedes sacar información de mi página web, eh? Digamos hablándolo un poco legalmente o hacer alguna modificación que saturé mi servidor o cosas así, por eso también es comentar que cuando se hacen estás tareas de extracción, eh, Por ejemplo, en en el de bienes raíces que se está haciendo la periodicidad con la que se hace no es tan no es tan exigente como lo hago tres veces al día o todos los días o demás porque puede que esos satures de servidor de las personas que son dueñas de ese de ese espacio y al final betten o coloquen algún captcha o algo, así que vuelve más compleja la extracción en este caso, el mismo scrappy, tiene una función de básicamente viola todas estas reglas no me importa, pero digamos que al menos los dueños de la página web Pueden decir no está permitido y"
599.000,658.900,es-us,0.81384,,,"Lo dije legalmente que no está permitido estar como en mis redes esa información le pertenece a pesar de que se pueda extraer y violar es solo para tenerlo en cuenta a pesar de eso, pues vamos a sacar la información para este ejercicio entonces, eh? Un recibo del código el código es muy sencillo, eh? Tenemos el proyecto el folder del proyecto el ambiente que es básicamente donde se ejecuta python, dónde va a correr python? Esto creo que se ha visto el estudio code, que lo estaba también utilizando en visual Studio code Hay una carpeta llamada adaptador, que esto es lo que conecta con el repositorio que el repositorio hace referencia, a dónde va a quedar almacenar la información repositorio puede ser una base de datos puede ser un archivo Excel un CV puede ser al final lo que lo que se escoja en este caso el repositorio es un es una base de datos no relacional llamada mongodb porque no relacional porque lo que"
659.000,718.800,es-us,,,,"recibir son json y para tener la información original y no perder mucha información, pues vamos a coger la información Jason de de la respuesta acá las funciones que se utilizan para guardar en base de datos para obtener la información de la base de datos muy sencillo, Eh hay otra carpeta que se llama preparación Una vez que se extrae la información o que se extrae la información no la tengo almacenada en mi base de datos, pues quiero consultarla Y de pronto guardarla en un archivo, si es vi en un en un tabular para que sea más fácil entrenar el modelo Esto es lo que hace esta función muy sencillo con las características Que de momento creo que son las más relevantes, Eh Esto mcrp, no todavía no sé qué significa pero lo vamos a averiguar, pero por ejemplo, aquí tenemos el precio podemos también colores por dentro o colores por fuera a la marca el modelo cosas, así que uno ASUME que pueden ser relevantes para calcular el precio em está este proyecto que es el scrap Este es el proyecto que"
718.900,778.900,es-us,0.73952,,,"Crea con scrappy, eh, Ahorita les mando también el link de este repositorio para que tengan acceso y puedan explorarlo modificarlo utilizarlo para otra página pueden usarla como plantilla no hay problema, eh? Se dentro de la carpeta, eh? De scraping. Hay un folder que se llama spyders que es spiders hace referencia como literalmente es una arañas que la idea es esa son arañas que van saltando en páginas web y van extrayendo información de las páginas web. Esto es como framework, eh, Ya te construye todo esto y simplifica mucho, eh? La utilización de de estas herramientas de scrap y hay dos funciones principales una que es extraerme la información básica que con básica hago referencia a a extraer la información de la lista básica y aquí también se aplica la paginación Pues porque el el el el el sistema tiene que ser capaz de pasar página por página página por página."
779.000,837.400,es-us,0.79523,,,"Para extraer, pues la información de los carros y el segundo lo que hace ya está especializado en sacar la información pero del detalle específico de cada automóvil ya es en esta página entonces me meto a esta página y sacó la información del detalle específico de cada carro Esos son los spiders, el resto son constantes constantes que es por ejemplo, la URL el nombre de la colección que se usa en la base de datos, em por aquí también tenemos, eh? Los ítems que es como una forma es un objeto. Básicamente para poder, eh, modelar la respuesta a la URL Acá está la respuesta el estatus porque básicamente tú tiras una consulta, pero haces la consulta, puede fallar. Entonces respecto, a que estatus quedó yo puedo tomar una decisión si quiero reintentar o si quiero mandarla a un archivo para que después se reintegre, puedo hacer muchas cosas o y el response que hace que tiene la respuesta final."
838.900,898.300,es-us,0.77740,,,"Este sí, eh? Bill water is es como un intermedio esto ya es para cosas más complejas, no voy a mostrar mucho acá pipelines, eh? Es para poder una vez que ejecutores crappy y ejecutó el spyder, puedo generar un python que es básicamente que quiero que pase antes y después de que se consulte esa información entonces en un en uno de los en el que es el básico en ese biden. Lo único que está haciendo es guardarlo en un documento en un en un documento json para después leerlo y me guarda la lista de toda la información básica ahorita lo vamos a ver para qué se se se se se sea más claro y el otro piden lo que hace es guardarme en la base de datos dependiendo del estatus aquí si el status cupcake guárdenlo en la base de datos, si no, pues no, no haga nada y series esto ya es como más configuración ahí pueden leer la la documentación, eh, De hecho se llama así, eh scrap."
898.900,958.600,es-us,,,,"Esta es la libreria que estamos usando muy sencilla de usar muy eficiente muy rápida, em para hacer este tipo de extracciones bastante cómodas y rápidas, eh? Finalmente aquí un archivo de salida opus para guardar las salidas que ahorita vamos a contiene folder de testing y unit work, que esto viene Unido Word eh? Es de un arquitectura que se llama, eh? Domain driven design sí, eh? Desarrolló basado o guiado por El dominio, que es el conocimiento Bueno eso es otro tema, pero lo que hace aquí es, eh? La conexión con la base de datos, no relaciona. Eso es lo que hace la de generar la conexión y está basado en una arquitectura llamada domain design después la pueden también consultar ahí hay un libro que que es de eso, pero"
959.000,1018.500,es-us,0.85845,,,"Obviamente para que que desde el punto de vista arquitectónico eficiente Entonces cómo funciona esto aquí tenemos las los spiders tenemos el test. Yo suelo crear en en test las mismas carpetas con los mismos nombres y mismas distribuciones, pues para seguir esa línea de pruebas unitarias y demás si hace falta, pero aquí para simplificarlo pues vamos a ver las dos primeras que es traigo la información de básica y extraigo la información detallada. Entonces aquí tengo limitado a 150, eh, 150 elementos es decir 150 carros, pero pues cómo vamos a sacar varios, Porque necesitamos consultar bastante información firé como a tenemos un 2000 a ver si estamos optimistas de que no va a fallar y le damos aquí a ejecutar Entonces esto qué va a pasar esto?"
1017.900,1077.700,es-us,,,,"Que va a ser por debajo, es conectar con esta con este portal y va a hacer la paginación, va a ir página por página datos, va a ir corriendo y va a ir sacando la información básica y eso va a generar un archivo de este tipo Este no es el archivo final, sino Este es el que yo ejecuté antes con 150 con un límite de 150 que ha de hecho mentiras aquí ya hay más, hay 250 porque él va escribiendo con el tiempo de hecho creo que aquí sí lo vuelvo a abrir. Sí, miren ahí sí se dan cuenta. Ya está escribiendo, eh? Más y más registros y saca la información básica, que a mí me interesa que esté pronto el nombre la posición Esto sí es irrelevante, pero lo que es importante es la url la URL del detalle. Entonces acá ya tengo el detalle de ese carro. Tengo la URL para después apuntar esa URL y sacar la información, eh? De la respuesta que hago ahí entonces para que"
1078.000,1137.500,es-us,0.74922,,,"Siendo también Cómo funciona esto que está pasando acá es básicamente lo que yo les mostré en la sesión anterior que es Eh si yo me meto aquí a inspeccionar elemento meto aquí al Network el Network básicamente lee el tráfico que hay entre la página y el servidor. Eso es lo que hace y si acá yo actualizo Esto va a consultar aquí. Yo no estoy filtrando por el servicio que me interesa porque si le colocó todo esto cargo un montón de cosas imágenes y un montón de cosas y así, pero a mí solamente me interesa un un servicio específico, que es este Entonces desde aquí, yo puedo saber cuál es el, eh, Cuál es el tipo de request que se envió aquí es un get tiene estos parámetros, por ejemplo, aquí es la página 3. Si se dan cuenta aquí se maneja la página eso está en el en la lógica del Script para hacer el Script para que haga la paginación Ese es el elemento que se va modificando 1 2 3 4, 5 tata, hasta que llegue hasta la última página o hasta que ya no hayan elementos."
1138.000,1197.800,es-us,,,,"Eh, Y la respuesta, pues es está acá, eh? En esta respuesta hay una parte en la que se puede extraer la información que Les acabo de comentar, hay uno también tiene que mirar Cuál es cuál es ese ese elemento que contiene esa información, pero es básicamente esto que estamos haciendo aquí manualmente lo que hace el Script de forma automática y de hecho ya terminó ya terminó de hacerlo, veamos, cuánto está el total, eh, 220 les digo 2020 que que es un número bastante bueno Y si se dieron cuenta Se demoró 2 minutos tal vez o menos Entonces siguiente paso Tengo este está lista. El otro el otro test que ya coge el detalle, lo que hace es leer esta lista y por cada uno de estos elementos, apunta a la URL saca la información, que a mí me interesa Y la guarda en base de datos Entonces cómo vamos a ver que eso va a suceder aquí esto es la lista la lista anterior, Sí sí señor."
1198.000,1257.700,es-us,0.82415,,,"Entonces él usa esta URL Este es el elemento que usan y con esta URL eh. Cuando recibe la respuesta a de ahí saca la información de la respuesta del detalle del carro, vale? Va por ahí la cosa, entonces acá esta es la la base de datos, no relacional la razón por la que se usan no relacionales porque la información que se recibe es un json y para no tener pérdida de información porque en el futuro algo podría ser útil, pues se mantiene la respuesta en 30, así no Se use toda pero se mantiene enterita, si se dan cuenta, está está vacía completamente vacía, No hay nada Está limpia Entonces ahora vamos a ejecutar El otro, es este de acá. Le damos un play y va a pasar exactamente lo mismo que que explicamos hace un momento con el detalle, si yo meto acá y hago otra vez una inspeccionar Eh me meto al"
1257.900,1317.500,es-us,0.81427,,,"Al Network aquí refresco esto otra vez va a mandar una solicitud es al servidor aquí otra vez estoy filtrando por la solicitud, que a mí me interesa que es doc y aquí me tiene tanto el response como el el request hay una forma muy fácil de testearlo, que es lo que ustedes pueden hacer es aquí clic derecho Aquí les permite copiar y aquí hay una opción que se llama copy bash copy, no estoy, seguro que significa q r l, pero sé que es esta opción Busch se van a postman postman. Es una aplicación que se usa para testear servicios como este testear servicios de cliente a servidor cliente a servidor cliente servidor aquí, lo que, eh pueden hacer es hay una opción que se llama import le pegan ese ese valor y él ya va automáticamente a reconocer."
1318.000,1377.700,es-us,0.80567,,,"S s request y Esta es una forma mucho más sencilla de hacer este tipo de pruebas, entonces acá ya te llena todos los heaters te llena todo el body en este caso no se usa Body eh? Parámetros, etcétera todo esto te lo te lo simplifica y acá yo envío set y acá tengo el response que es, básicamente lo que tengo en el inpec es cuando me saltó aquí a response, es esto mismo y por aquí hay una cosa que se llama Entonces yo Cómo identifico, Qué información tengo que sacar aquí uno se pone un poco investigado y uno Busca una palabra clave que uno sabe que es algo importante, Por ejemplo, gasolina o puede ser esta de acá, vamos a filtrar esto de acá acá y aparece aquí y aparece por aquí entonces si se dan cuenta por aquí aparece un json, eso es una buena noticia de hecho justo de acá, se está sacando la información porque Jason porque Jason es mucho más fácil de entender y y"
1378.000,1437.800,es-us,0.84649,,,"Dar información que hacerlo directamente en la página si se dan cuenta, pues acá tendría que hacer una lógica más compleja para sacar la información de acá y sería más mamón y todo eso Entonces uno Busca como literalmente el camino más fácil y ahora que tengo yo como resultado pues vamos viendo la base de datos, qué va sucediendo acá tenemos la base de datos. Vamos a refrescar y mira, ya van en 1784 y que se demoró 5 minutos no se demora menos y acá ya tengo la respuesta. Entonces si yo extiendo acá, pues esa ese Jason que vimos Acá está acá en en esta consulta que hicimos acá este este Jason que aparece acá y pues aquí aparece un poco desordenado y difícil de leer Porque así es como lo entrega la página aparece acá ya súper lindo y súper bonito en en la base de datos Y aquí ya encuentro Pues todo."
1437.900,1497.800,es-us,0.85698,,,"Necesito que por ejemplo podría ser Okay De hecho aquí viene con más información al vehículo similares, por ejemplo Acá está diciendo el tipo del el estilo del cuerpo me imagino que eso también podría ser algo importante no sé porque habían más hay una que se llama precio pero no lo veo es que hay mucha como les digo Ah mira aquí año me imagino que el modelo, eh? A pesar de que no se usa toda la información en lo personal prefiero guardarla porque pues nunca sabes en el futuro la vas a necesitar o vaya a tener algo útil y demás Entonces ya con esos pasos si se dieron cuenta sacar la información uno se demora eso haciéndoles el la investigación configurando el scrap y demás Pero una vez que funciona es es muy rápido. La única recomendación es no sean tan agresivos porque de pronto ellos"
1497.900,1557.200,es-us,0.78080,,,"Pueden detectar eso en el en el tráfico Y puede que baneen su pan en su su IP eso tampoco sería tan malo porque ustedes usan una VPN u otra cosa y ya está Pero ellos pueden generar también formas de respuesta igual de agresivas para para prevenirse a que le saturen el el servidor que también esto Esto es cómo hacen ataques, eh? Creo que se mande ossl que es Está ya en el servidor de tantas solicitudes que le hacen le estallan hasta que se quema Y hay sistemas que previenen en eso, pero entonces yo creo que ya acabó se mira ahí 2020 y ya tenemos 2020 registros pues para jugar y ver qué rayos Entonces el siguiente paso que hay en este en este en este proyecto es la extracción de los datos es básicamente, eh? Un cuerina se hace a la base de datos."
1558.000,1617.000,es-us,,,,"Se convierte en un en un csb con la información que necesitamos en este caso solamente estamos extrayendo esta información que se ve en esta lista porque podría ser la que es importante no soy un experto en carros, pero eh, con base a lo que vi parece que es la más interesante y ejecutamos a ver qué pasa y también les traigo muy sencillo muy rápido, en cómo funciona miren ya consultó y me generó en el output aquí ya me generó, pues la salida es básicamente acá puedo ver este dato que no sé qué es el msrp, no tengo nada que hacer, pero lo averiguaremos Entonces es fallo de preferido el precio sugerido del fabricante, Ah Bueno mira gracias, gracias por llevar la cosa, entonces sí mira aquí está el nombre colores cosas así, etcétera, etcétera, que uno dice esto puede ser muy útil y el siguiente paso, cuál es?"
1617.900,1677.900,es-us,0.81893,,,"Que también la hemos visto en la sesión anterior es hacer un análisis de datos una vez que yo ya tengo la información Cuál es el siguiente paso extraigo, eh? Las los insights, una una forma en la que yo pueda entender esta información puede encontrarse, hay valores perdidos. Pueda hacer un análisis sencillo, entonces hay una forma de hacer. Eso es, eh? Déjenme Hablo aquí otra vez el proyecto que teníamos nosotros que de hecho tengo que subir cambios discúlpenme que no he subido cambios, pero lo haré en cuanto termine también la sesión 1 semana movida Aquí está Machine Medellín Machine learning listo. Entonces la sesión anterior habíamos creado este este, eh? Script muy sencillo, que usa una librería llamada G deira, profile Y qué haces que nos genere un reporte automático con con digamos con la información básica que no necesita para poder."
1677.900,1737.400,es-us,0.81354,,,"Para hacer un análisis inicial de un dataset en este caso le hicimos para el Smoke Qué es la que habíamos ahí se está presentando todavía cierto, ven mi pantalla todavía Es que creo que me apareció un mensaje que no estamos viendo ahí está Dale dale Perfecto entonces, eh? Hicimos este ejercicio muy sencillo, vamos a replicarlo Pero ahora con este Entonces vamos a buscar a dónde está este archivo está, Dónde está, Dónde está vez que aparece abrir ya me acostumbré mucho acostumbré mucho a visual basic visual Studio perdón, porque chat se me está olvidando Cómo usar Paisa entonces aquí buscamos."
1738.000,1797.900,es-us,0.84355,,,"Listo Este es el archivo, vamos a meterlo aquí en este proyecto y aquí quizás le cambiamos el nombre ya no va a ser Trade sino va a ser Cars sí es vi y aquí le colocamos caps como para hacerlo simple el reporte sea de Marc cuts también muy sencillo y le damos aquí a ejecutar y pues esto automáticamente lo que va a hacer es, eh, generarnos este reporte antes, cómo les digo uno podría hacer esto manual, pero creo que de verdad es una pérdida de tiempo, si ya existen este tipo de librerías Y si ya necesitas hacer algo muy especializado, pues lo haces con esa variable especializada que necesitas, pero pues no tiene sentido ponerse a hacer estas funciones Si ya hay una librería que lo hace, te lo presenta de una forma muy elegante. Hasta es algo, que yo le presento a las personas que"
1797.900,1857.300,es-us,0.83210,,,"A las que responden proyectos este documento sirve mucho, pues les gusta es fácil de entender también y mira ahí ya está renderizando aquí, ya va a generar la estructura y aquí ya nos creó el reporte, por eso abramos lo aquí abramos el reporte abramos por ahí con un con un Chrome porque si no el estilo hace que sea oscuro y se puede producir información y ya miren, aquí tenemos, por ejemplo, 24 variables tenemos 2020 observaciones que es básicamente filas. Eso es lo que nos está diciendo hay 10% de valores perdidos, eh? Este es el número de celdas que están perdidas Esto es lo que pesa memoria, no hay duplicados. Eso es muy bueno, no hay duplicados. Eso está genial y se dan cuenta, pues no, no me demoré nada en hacerlo Ah bueno, esta primera esta primera es el id esto ignoren esto."
1857.900,1917.300,es-us,,,,"No debería estar ahí. Esto es un ID del mismo pandas que se usa y el general y esto no lo podemos ignorar, pero miren ya vemos este este de acá, que esto era lo que yo a lo que yo me refería con que Estos sí son datos reales, porque en el ejercicio de Smoke no sucedía en estas colas tan largas, cuando una distribución tiene esta cola así el arte en ejercicios del libro no pasa, pero en el mundo real sí pasa entonces esto es chévere verlo porque uno se enfrenta al problema de verdad, Mira por ejemplo también hay 29% de valores perdidos, que ya veremos, eh? Cómo sé qué qué qué podemos hacer para llenarlos o eliminarlos o hacer algo con ellos, eh? También el año, por ejemplo, miren hay una de 1940, No puedo creer que haya un carro que sea tan viejo todavía es más viejo que mi mamá y todo sí es el más caro."
1918.000,1977.200,es-us,0.86047,,,"Correcto debe ser una bien bien curioso también es un buen Mira Acá está como los nombres, eh? Acá lo está interpretando como texto, aunque Posiblemente sea una categoría. Eso hay que hacer de acuerdo transformaciones, pero por ejemplo la palabra que más se repite es Alfa luego Jeep parece que los jeeps se venden muy bien Chevrolet entonces aquí no, ya se puede hacer una idea de cómo qué tipo de cosas se venden el modelo? Entonces Creo que este es el nombre que también se les da aquí lo toma como un texto, pero también se podría transformar algo categórico diferencias entre texto y categórico categórico es como por ejemplo las áreas de una empresa recursos humanos, eh? Ingeniería Haití administración. Hay un hay un vocabulario limitado es decir, hay unos hay unas áreas limitadas en una empresa."
1977.900,2037.700,es-us,,,,"Sí y estas áreas no tienen un orden específico, es decir, no es posible colocar en una línea, cuál va primero que otra simplemente son diferentes Entonces el área de administración Es diferente al área de ingeniería, pero eso es diferente el texto no tiene un vocabulario, completamente cerrado y funciona por lo general en secuencias, el texto, por lo general tiene una secuencia que tiene sentido cuando estamos escribiendo y demás en este momento lo está tomando como un texto que es erróneo Pero uno puede hacer ciertas modificaciones antes de ejecutar el el este Script para que para que lo tomé como una categoría que ahorita incluso lo podemos hacer a ver si mejora, eh? Este local son es muy interesante porque el reporte precisamente no soporta algunos tipos este local solo primero el 100% está perdido y quizás tiene un formato que"
2037.000,2096.200,es-us,0.82009,,,"Soporte entonces este también lo podríamos descartar, por ejemplo, local, ya sabemos que no tiene datos de nada, entonces no me sirve absolutamente nada ese tamaño está tomando como un texto Ahorita arreglamos eso a ver si podemos Porque si si puede ser importante aquí al parecer hay un valor único esto tampoco es relevante, eh? Porque cuando hay un Data set siempre Buscamos que haya varianza si no hay varianza en una en algún en algún fichero o en alguna característica no es informativo O sea no me está entregando es decir, esto no va a afectar el precio siempre va a ser nacional, lo puedo borrar también el precio si se dan cuenta también hay precios muy altos este precio no sé qué también hay 100% perdidos Así que posiblemente lo podemos Borrar el trim y básicamente esto se puede hacer entonces acá, por ejemplo, estos cito tomó como categórico. Esto es Genial porque este sí lo tomó como un categórico."
2096.900,2154.000,es-us,,,,"Aquí podemos ver, por ejemplo, la mayoría es de Paul Will me imagino que esto es trasera y delantera me imagino el from. Luego le sigue que esto no sé qué tanta diferencia sea esto por ejemplo, pero aquí uno ya va bien Sí y hay casos raritos como estos incluso esto se me hace raro que no dice que no diga que está desbalanceado, Porque estos de acá son muy poquitos, debería decir como desbalanceado Pero bueno, acá te muestra como entonces todo esto te ayuda a cómo a darte una idea una idea inicial Sí de hecho. Esto que ustedes están viendo Yo también lo estoy viendo por primera vez, no lo he visto Este es el ZIP code de quien lo vende, creó al parecer, hay un Man que vive acá que le encanta publicar en Cars esto ya no sé qué es, no sé ni siquiera cocina."
2156.900,2216.800,es-us,,,,"Me corcho este de pronto kilometraje. Ah mira Sí sí, sí, bueno, bueno, Eso sí muchas gracias, sí que es como, eh? Milla, Edge Mirage que andan en millas correcto, Sí señor, correcto. Entonces mira sí, acá al parecer hay muchos nuevos. Me imagino que si es ceros porque es muchos nuevos y ahora uno que otro usado y que ya está muy viejito. Me imagino que por aquí está el de 1940. Me imagino ya le habrán dado buena pata y así hace uno sigue y sigue y mira, por ejemplo, esto también lo detectó como categórico. La marca eso también podría influir Sí entonces van a darse cuenta que la preparación de los datos es por lo general, lo que toma más tiempo lo que toma más tiempo entrenar el modelo por lo general no es tan complejo, sino es el lo que les"
2217.000,2276.600,es-us,,,,"También se enseñan las anteriores, la Barrera de contexto poder entender los datos Y transformarlos en algo que el modelo sí pueda entender porque la mayoría sino todos los modelos de Machine learning entienden números Entonces tenemos que transformar estas características como estos nombres en números en algo que pueda entender el modelo que eso también lo lo iremos haciendo en esta sesión, Sí entonces acá tenemos Movistar también se tiene el estilo que también es un categórico. Es que en esta librería como que te simplifica todo esto y y te quita mucho, pues esto por ejemplo, parece un ID parece un ID y todos son distintos por lo que tampoco es informativo, Porque si todos son distintos, pues no puedo agruparlos y encontrar patronos Entonces eso también este de acá bien descartado no me sirve para nada canónica al Premium Bueno aquí uno va mirando más información eso también es interesante el tipo de"
2277.000,2336.400,es-us,0.77491,,,"De gasolina o de combustible que usa entonces la mayoría son gasolina curioso que el siguiente sea eléctrico al parecer al menos entre eléctrico híbrido, ya suman un 16% Eso Está chévere, acá también hay otro eléctrico. Entonces uno también tiene que mirar a veces sí, para que no haya este desbalanceo que acá si te dice que está desbalanceado si se dan cuenta casi lo colocó uno a veces intenta agrupar de pronto este eléctrico es un casino más, pues lo agrupó con este eléctrico podría ser y capaz. Hasta que lo podría agrupar con el híbrido Aunque tampoco el híbrido es un uno más pequeño uno va buscando también ajustar este desbalanceo para que qué pasa con el desbalanceo que como hay casos tan tan extraños, no hay suficiente información para que el modelo encuentre un patrón, entonces hay que buscar cuál es la mejor manera de"
2337.000,2396.000,es-us,0.84447,,,"De de ajustarlos Sí porque puede que el el modelo se entrene demasiado bien con gasolina a tal punto que no reconoce los demás casos entonces uno Busca siempre como que mira, sabes de gasolina, pero también Tírame Necesito que aprendas de los demás sí no solo de gasolina y tengo que aprendas de los demás y y para ese tipo de cosas hay ciertas estrategias que se pueden usar acá también te tira reporte y acá incluso Hay una que en la parte final Mira esto también es no informativo el color esto también lo toma como un texto Ahorita miramos Cómo transformamos eso porque también Sería bueno tenerlo bien ajustado, pero acá al final te tira también como relaciones, por ejemplo, hay una relación que yo creo que será muy interesante el año versus el precio ponle tú entonces incluso."
2396.900,2456.800,es-us,0.85402,,,"Sí, acá se ve Se ve así todo largo, porque aquí está el de 1940 aquí no también tiene que buscar de remover of layers, porque los los datos raritos pueden dañar el modelo también porque le estoy entregando también información como anómala que que puede hacer que en el momento de ajustar y encontrar el precio se desvíe mucho por ese dato anormal, entonces hay unas estrategias que también se pueden hacer allí para poder parar los datos Entonces si se dan cuenta acá se alcanza a ver una una diagonal hacia arriba al menos desde el 2020 que imagino que es que entre más nuevo, pues más precio tiene eso es lo que yo podría entender aquí a más nuevo más precio, Sí y por aquí debería estar el de 1940, pero como es solamente un un caso, Yo me imagino acá no lo pinta, Ojalá lo pintara."
2456.900,2516.700,es-us,0.82625,,,"No lo pinta porque él va pintando con más Azul cuando hay más casos lo va pintando por eso se ven estos así un poco más difuminados pero a ver si podemos ver otro quizás qué sé, yo este y este este y y Ah De pronto, sabes que este y este parece Interesante pero es que el año es el que nos molesta, vamos con precio Bueno aquí también se puede ver una relación, pero no sé cuál otro sería chévere No aquí sería la línea normal, pero sí, pero bueno, Esto es el reporte. Hasta te permite estas cosas que parecen geniales. Es para que lo entienda rápidamente Cómo funciona y eso sin tener que sufrir tanto codificar todo esto que no se sentía hasta te dice los valores Perdidos por ejemplo acá te dice el conteo en el que hay más valores perdidos es en este de acá. Incluso acá te lo pinta un poco más chévere más bonito, acá te lo pinta."
2516.900,2576.200,es-us,0.80746,,,"El mate que también es como una escala de de colores que te dice que tanto soy perdidos y acá te entrega. Un ejemplo Esta es la tabla que que estaremos viendo, por ejemplo. Mira esta está toda vacía local son es la que tiene 100% vacíos tiene sentido y así entonces uno empieza a hacer Estos tipos de ejercicios para entender entender qué es lo que Qué es la información que tiene y si los datos Tienen buena calidad que era el documento que está en en resources en el en el grupo hay un documento que se llama Déjenme Les comparto solo para otra vez tenerla ahí presente, no resortes es este de acá de m3 Ah no esté sixte dimensions, es muy sencillo de entender, es muy sencillo de leer, Eh mi opinión y te explica más o menos, Qué significa que hayan datos de buena calidad."
2577.000,2636.700,es-us,0.86652,,,"Es que si son precisos que si son completos que si son consistentes, por ejemplo, el que tengo sospecha de consistencia acá, el que más me genera ruido de consistencia y ya vamos a ver si si soy yo o no es el de color s podría no tener algo un un valor consistente consistente, básicamente significa que tenga un estándar que que el rojo sea rojo y lo escriban todos rojo de la misma manera, no que sea rojo y luego el otro escribe rojo con Doble D eh o cosas así 390 registros adicionales de otros colores que seguramente son como variaciones de esos mismos azul gris, Sí señor de hecho, Mira hay 526 diferentes y recuerda que descargamos 20 2200 2020 ahí al parecer no hay tanto, no hay tan no hay tanto."
2637.000,2695.300,es-us,0.81563,,,"Entonces, espera hacemos un ejercicio para transformar esos en categóricos es por ejemplo, entonces acá uno lo que puede hacer es en el Data frame, no lo lee y voy a colocar aquí una función sencilla para ver si podemos transformar eso suele. Esto suele tomar estos, eh? Valores como texto porque tienen espacios, es lo que yo he detectado el el reporte este lo toma por eso así entonces acá damos una función de transformación aquí le colocamos una función lambda exterior color acá le decimos que reemplace tiene unos no esto no tiene nudos, Porque si tienes Ah mentiras, si tienen los dos entonces creo que aquí toca hacer alguito más, eh? Reemplace todo lo que esté."
2697.000,2756.100,es-us,0.81819,,,"Todo lo que esté hacía en espacio O sea que haya un espacio, pues me lo reemplace por un no despacio Aquí le voy a agregar una cosilla más que es, eh? Toca evaluar. Si esto es esto es bachiller No porque si yo intento hacerle a un vacío intento hacer un vacío, Pues esa transformación de String se va a romper Eso es todo y acá le decimos, no? Y listo eso ya debería ser suficiente, vamos a ver cómo nos va ese remoja el reporte volvemos a ejecutar y quiero creer que eso podría ser suficiente, ya vamos a averiguar Entonces en ese tipo de cosas, pues uno ya es más fácil hacerlas el reporte mismo Pues te ayudo y aún más fácil, eh? Hacerlo Pues con un Notebook que es como hemos hecho en las sesiones anteriores."
2756.900,2816.100,es-us,0.80929,,,"Con un Notebook toas Pues paso a paso ya revisando a detalle cada uno de los features y haciendo las transformaciones necesarias, entonces mira ya terminó y esto simplifica mucho el trabajo de codificación y ya te dedicas es analizar analizar los datos y y sale Entonces ahora miremos aquí color, así tenemos suerte, parece que es Ah mira al menos se redujeron bien Ah Pero esto es un tema Perdón externa, no siguieron igual, parece que sí son parece que sí son todo ese montón de colores diferentes al parecer sembrado Óscar White qué será ni idea Silver no sé qué Metallica Sí incluso uno podría ser más optimista y decidir Hagamos una cosa, reemplácelo y luego aplíquele un lower por si es que estamos."
2816.900,2856.000,es-us,0.79930,,,"Se están escribiendo de forma diferente o si efectivamente de pronto hay esa cantidad de de diferentes colores, eso es su producción también es Igualmente Vale qué se podría suceder lo vamos preparando y aquí aquí listo."
2856.900,2916.300,es-us,0.80481,,,"Ah bueno Mira así es había uno que otro que sí está escrito en mayúscula y minúscula ahí es donde va el estándar, que yo les comentaba no tiene un estándar porque posiblemente escribieron red en minúscula y red en mayúscula y eso hace que sean categorías diferentes que se entiendan como categorías diferentes entonces uno aquí ya Busca Eh hay diferentes estrategias para manejar también este tipo de casos Pero uno podría de pronto intentar agrupar whites, sí o por palabras que sean así como que a grupo meto los grises Sí el grupo de todos los que son siempre si tiene la palabra sirve agrupen si tiene la palabra Blue agrupen Y eso podría ayudar a que no haya tanta distribución porque también es un equilibrio Sí también ya hay mucha distinción se empieza a convertir como el el que yo les comentaba que era el el ID que tampoco es informativo."
2918.000,2977.500,es-us,0.80781,,,"Para poder generar estos patrones y uno también podría identificar dónde también podría identificar cuál se vende más, cuál se vende menos, por ejemplo, si lo compro color amarillo y lo pinto de azul, sé que lo vendo más barato más caro, digo o cosas así, entonces Esta es la primera la primera observación Ah mira aquí está, Qué tipo de stock. Es hay muchos usados, hay algunos nuevos. Eso está bien, está bien, cómo lo ven hasta hecha, Qué les parece comentario un poco es como en el los datos atípicos que van a salir. Digamos, por ejemplo, hace poquito estuve revisando como computadores en la página del éxito y me aparecía que el procesador aparecía Intel Core i5 en otro computadora, pero decía ic5 Entonces como para poder."
2977.900,3037.800,es-us,,,,"Cómo agrupar ese tipo de cosas como poder hacerlo más fácil como estás diciendo eso es genial. Hay varias hay varias opciones como siempre en la arquitectura ganas algo y pierdes algo pero siempre buscas tomar la decisión en la que lo que ganes sea mucho mejor de lo que pierdes entonces solo para darte un ejemplo digamos que yo al agrupar yo estoy perdiendo un poco de precisión porque ya no estoy teniendo la segregación original, pero que estoy ganando de pronto un más un poco más de consistencia en el vocabulario el vocabulario tampoco va a ser tan extenso y el modelo de pronto hoy qué podría pasar esta esta podría ser válido si tengo muchos carros y mucha más información que al parecer es posible Sí nada más sacamos 2000 así de tacaso sacar más información 20,000 capaz."
3037.900,3097.800,es-us,0.85868,,,"no sería tan complejo entonces uno también toma esas decisiones con respecto a las condiciones en las que no está parado, si yo solo tuviera este conjunto de datos, yo diría de pronto, hay mucha varianza demasiado, o sea, son 500 511 opciones y tengo Solamente 20002 betis 2020 registros, no estoy de pronto, encontrando tantas tantos patrones, la información que se tiene en ese caso tiene sentido agrupar en otros casos incluso hay una cosa que este es de los métodos que a mí más me ha encantado y de hecho con este ejercicio la idea también es eh, terminar de aprender redes neuronales, que es que ese no lo vimos en los algoritmos, pero aprender cómo funciona hay una cosa que se llama en berting que lo usan las redes neuronales y también incluso los modelos generativos y lo están usando en en un paper que leí que se llama jepa lo"
3097.900,3157.700,es-us,0.87999,,,"Y es brutal como lo usan allá, pero en Bering es como una representación de los patrones, una representación de la información, pero no necesariamente la información, déjame te colocó un ejemplo acá. Yo este es el ejemplo que yo siempre pongo para explicarlo, entonces aquí como puedes ver a mano derecha, se tiene en un en un vector 3D en un espacio 3D se tienen unos puntos esos puntos si te das cuenta tienen palabras que es hombre mujer Rey Rey Sí lo que pasa es que con redes neuronales hay una red neuronal que no puede colocar que se llaman very y lo que permite es que en el momento que se esté entrenando la red neuronal al tiempo. Ella va aprendiendo las relaciones que"
3158.000,3217.800,es-us,,,,"Teniendo los diferentes datos categóricos, si te das cuenta Estos son categóricos igual que los procesadores por qué categóricos porque yo no puedo ordenarlos de pronto los procesadores, los podría ordenar por potencia, qué tan potente es esa es una forma de ordenar y se aplica para mi problema, lo puedo tener así, pero digamos que yo solamente lo quiero ordenar Porque es diferente porque es una marca diferente porque tiene un componente diferente, no por más en ese caso, eh? Es el mismo ejercicio que tenemos acá son palabras. Yo no puedo decir que el hombre y la mujer está por encima del otro ni tampoco que el hombre está por encima del Rey sí, simplemente son diferentes, pero el el modelo llega a representarlos en un espacio 3D dándoles unas características particulares y él mismo entiende ese orden y eso es lo que se llama evering space, entonces si te das cuenta estas líneas que aparecen acá es"
3218.000,3277.900,es-us,,,,"Básicamente, cómo funciona cuando tú le dices a algo como este bol de fusión One definition, es una aplicación para generar imágenes yo la uso ahí de vez en cuando y él por ejemplo, los colocó un ejemplo para poder generar esta imagen lo que el modelo hizo fue él conoce en este en un espacio embebido él conoce el concepto de una rosa, la entiende el concepto de una rosa, la tiene caracterizado, hay rosas que son parecidas a está, pero en otro espacio tiene el espacio de la mujer y entiende el concepto de una mujer, sí o lo representa más bien y cuando tú sumas esos dos vectores en el espacio embebido tú logras una imagen que los combina Sí ese tipo de cosas es lo que se puede hacer con un espacio en medio."
3278.000,3337.100,es-us,0.88142,,,"Y es lo que acabo de decir es ya la explicación como muy avanzada, es lo que se puede llegar a hacer, pero lo que se puede hacer con una red, eh? Neuronal Y con una red embebida es poder generar esta representación de forma que el modelo entienda su significado y los agrupe sí, sin ya tener que decirle Mira es que el rey es parecido al hombre, no, el mismo entiende el concepto dado el contexto de la información con la que se entrena porque de los datos saca esa información sí Entonces eso puede ser una estrategia que si te das cuenta es ésta Ya es mucho más avanzada que la estrategia Es simplemente agrupan esto ya es otra cosa, que si lo colocamos este concepto de del espacio de vida, lo ponemos en este concepto muy posiblemente el blanco. El digo el negro, lo agrupe cerca al gris y cerca, quizás también va a estar algún tono oscuro azul oscuro y a medida que me voy moviendo en ese espacio."
3337.900,3397.900,es-us,0.87908,,,"Va apareciendo el, eh? Va apareciendo el rojo luego el amarillo, pero les va dando un orden desde los datos los datos mismos son los que van a a darle esa información tiene sentido. Digamos lo que entiendo es que el sistema en pedido es como una forma de categorizar dentro de las mismas palabras, no sé si es una forma de relacionar esos patrones. Yo lo llamaría así ya no te enfocas ya no te enfocas en la palabra en particular Si no encuentras el patrón y y lo que te explicaba ahorita, por ejemplo de de la flecha que aparece acá si te das cuenta la flecha de King a Queen y the the The man a woman está en la misma dirección es porque básicamente este vector que aparece aquí es el que el el vector que podríamos decir lo transformé de género es el mismo elemento, pero se transformó de"
3397.900,3457.200,es-us,,,,"Porque King es equivalente a Queen pero es el femenino entonces este vector representa femenino el, eh, eh, eh, en la oposición sería masculino, si lo quiero pasar acá y el vector, por ejemplo, quedaría desde hombre hasta King vendría siendo el de jerarquía, qué sé yo o algo así de estatus una vena ese vector es el que que se puede hacer, pero lo que trato de decir es que hay estrategias más avanzadas para manejar este tipo de casos. Cuando tengo estas palabras Un poco desordenadas para encontrarles un significado sí a lo que a lo que a lo que significan para el problema básicamente Sí entonces, eh? También lo podemos ver, podría ser una estrategia que coloquemos este ejercicio se ve sencillo Porque Son poquitas, las cosas que que tenemos que revisar, pero pero creo que es un buen inicio, es un buen inicio, para que lo veamos. Mira aquí está toda la jerarquía de precios y todo."
3457.900,3517.300,es-us,0.76807,,,"Y no sé alguna otra duda o Cómo la ven ahí, pues con esto que claro señor, buscando consideras que uno debería aplicar algún algoritmo, por ejemplo, para reducir dimensionalidad no sé un pc de agua cuando lo Cuando lo amerita cuando lo amerita, a qué me refiero con eso, eh? Los algoritmos de pca, eh, Por lo general se utilizan en los problemas en los que tengo mucha información es decir, muchas, eh? Variables o features también y lo que pasaría es que entre esos features lo que hace el psa, es descartar Cuáles serían relevantes y cuáles no Sí eso es lo que hace el pca Aunque el pca, Eh hay diferentes algoritmos."
3518.000,3577.900,es-us,0.75329,,,"Eh, No solo el pH hay varios de hecho por aquí, lo tengo en el libro ahorita lo abrimos y y te muestro un poco señor, qué es lo que traten es cómo elegir sí entiendo lo que tratan es de elegir las columnas que mejor explican la varianza entre la variable objetivo cierto, correcto correcto trata de elegir las que explican el 98 97 99% Pues porque hay unas que seguramente no van a explicar nada a ver correcto El ejemplo cosas que yo lo pude interiorizar, eh? Fueron dos el primero fue imagina que tú quieres modelar El el cómo corre una persona sí que esos palitos que tú ves corriendo sí Entonces yo te tiro toda la información, pero dentro de dentro de esa información yo te tiro la piel densidad de la piel, te tiro, qué tanto cabello tiene te tire de pronto también incluso, eh? No sé musculatura o te tiro sí, un montón."
3578.000,3637.700,es-us,0.88388,,,"Cosas de datos pero tú solamente quieres representar el movimiento el movimiento de la persona a mí no me interesa el grosor de piel. Entonces la mejor forma de representar. Eso es con estos palitos que uno ve como en las películas que son los palitos que modelan como los brazos y eso ese es el único dato que a mí me interesa el resto a mí no me interesa. Eso es un pca un psa es simplifico los datos a lo que necesito exactamente Sí y eso se logra, eh? Ese fue el primer concepto como yo lo entendí pero la forma en la que esto funciona es así él él utiliza Se podrían llamar planos en los que encuentra la mayor, eh? En los que se pierdan menos información entonces te colocó de pronto también este ejemplo acá Aquí estamos pasando de tres variables en tres dimensiones a dos variables Y si te das cuenta él representó este está está de acá la"
3638.000,3696.500,es-us,0.89132,,,"Con esta con este plano en color rojo y esta de acá que tiene también varianza la segunda que tiene más varianza con el plano azul, Sí Mientras la tercera variable no tenía mucha variación por la que esa es la que se descarta y esto que está en tres dimensiones, se pasa a dos dimensiones Pero eso sucede lo que te comentaba en casos en los que ya se tenga mucha información en término de columnas muchas muchos fichos en este caso. Yo diría el mismo modelo podría descartarlo si no es relevante le dará un peso insignificante y ya nos daremos cuenta si se usa o no y y lo descartamos el pca también se usa es porque a veces hay tanta información que computacionalmente si la metes toda tacaso revienta si va va a reventar entonces."
3697.900,3753.700,es-us,0.80727,,,"Eh, incluso hay otra que se llama el PC azuna retención y aquí hay una cosa llamada. Espero a ver si es en Bering también eso es que el emberlyn es potente si no estoy mal, es el Every o es sí es algo parecido como a esto. Sí sí, sí que también este también es otro tipo de transformación Ah bueno cosas, el el psa tiene un limitante el PC es lineal Ese es solamente funciona con líneas rectas y Ahí muere, te das cuenta, no hay forma de de tomar curvas, no lo puede hacer Pero hay otros algoritmos que sí, toman curvas Entonces en este estamos cogiendo Esta cosa, que es como una espiral, que está en tres dimensiones y la convertimos en dos dimensiones con otro algoritmo que básicamente como"
3757.900,3817.500,es-us,0.85939,,,"Produciendo su complejidad pero también hay una cosa llamada Bering que que te permite hacer eso que es como como les comentaba ahorita tengo este montón de datos Pero lo que yo hago es encontrar la representación de sus datos lo que en realidad representa esa información le quitó todo ese ruido que hay alrededor que eso también lo que hace especial le quita el ruido información que me está generando, eh? Defectos porque, eh es innecesaria para la predicción entonces también funciona con en Bering y lo que están viendo acá se llama autoencoder que se utiliza para ese tipo de tareas y que funciona como un método también de pca de de dimensional y reduction ese es el término técnico, Sí ahí te respondí la la pregunta y Y sí chicos Pues en esta sesión tenía planeado mostrarles esto en realidad no teníamos"
3816.900,3876.300,es-us,0.68032,,,"Claro pues además de pronto acá otra vez recomendados este libro es top este libro es buenísimo, pero por aquí este Man habla de a ver si lo encontramos porque más dimensiones no estoy escribiendo más bien mencionarlo lo presentation. Aquí aparece por acá este libro stop, pero a veces hay muchas cosas Gracias por eso algo así con el nombre Exacto Estas son las primeras páginas, las primeras páginas usted está por acá, Ah mira."
3876.900,3935.800,es-us,0.84637,,,"Aquí haciendo explicación de hecho hay una cosa Hay una cosa que se llama dimensional it course algo, así que es, eh? La maldición de la dimensionalidad y lo que pasa es que cuando hay más dimensiones hay más espacio entre las dimensiones y lo que sucede es que hay algunos algoritmos que se empiezan a quedar cortos cuando hay muchas dimensiones ya no encuentran los patrones tan fácilmente, eh? La red neuronal es una que no tiene ese problema tan profundo porque de hecho por eso es que ha funcionado también porque si es menos sensible a eso Pero hay una cosa llamada maldición de dimensionalidad es y y tiene ese problema, pero mira Sí justo era lo que yo te decía acá acá tres en tres en en en en en en tres dimensiones ese plano ese que lo representa y este plano se convierte en este plano de acá Entonces ese es el psa, pero"
3936.900,3996.000,es-us,0.76490,,,"Tiene su limitante con respecto a a las curvas a las curvas sí le va a remar la el psa, no le no le va bien Mientras esté kernel pca de hecho. Creo que es el mismo pero con el kernel kernel es kernel, es parecido a lo que vimos de soporte Machine que es que tú transformas el kernel transformas el espacio, pero usas el mismo algoritmo y eso te permite hacer cosas más maravillosas como en este caso tomar curvas al parecer, sí de hecho este es el algoritmo local es lineal en Bering que creo que es que clusterizado no solo el psa, se vende algoritmos, sino dependiendo del problema, que tengas seguro que hay una solución que se acopia, pero pues sí que es uno uno de esos casos ese este libro lo recomiendo y también este hablaba general Deep learning. También habla un poco de de los modelos embebidos y todo esto también lo recomiendo mucho y"
3997.000,4056.900,es-us,0.75250,,,"Muchachos pues de hecho es para esta sesión tenía nada más. Voy a publicar esto esperen, lo hacemos aquí una vez porque si no, pues se me olvide todo todo lo que tengo aquí a la mano y mientras tanto, no sé si tengan preguntas dudas o todo bien ahí y ojalá que podamos comprar nuestro carrito pelea espectacular barato y que sea el más chévere Y por qué no en el futuro hacer un negocio de esto y Déjenme Gracias Dale la idea como Les comento La idea, es que participen tirarse al agua, Yo sé que haces el grupo es incon."
4057.000,4116.600,es-us,0.85186,,,"Yo sé que tampoco es un tema, así que uno diga todo el mundo quiere participar está bien pero pues la idea es que seamos buenos en esto yo creo que en Colombia tenemos un buen talento, o sea, en serio, hay gente muy talentosa acá y podemos hacer comunidad conseguir trabajos más ingresos, quién sabe proyectos hasta empresas Uno nunca sabe Pero pues primero tenemos que saber cómo hacerlo entonces chévere, que ustedes también me acompañen en esta Aventura Listo ya el código está subido Disculpa Perdón dijeron algo, yo te apuntar algo un punto alto de que en estos días estuve leyendo sobre esos Data que son desbalanceados sobre todo en la variable, digamos objetivo y veía varios incluso."
4117.000,4176.800,es-us,0.86430,,,"Artículos que decían como que incluso esas técnicas como Smooth o las que tratan como de balancear como agregando datos sintéticos no son tan recomendadas porque al final estás entregando están entrando basura entonces intentaban Cómo buscar o mostraban algunas otras alternativas conseguir más datos, eh? Castigar un poquito más el algoritmo por ejemplo para que castigue un poquito más los errores de las de los datos que están más desbalanceados desde las cosas así No sé qué Pues sí has visto eso y cómo lo has trabajado, por ejemplo correcto primero sobre sobre el término Smooth es motivo no limitante que está diseñado para funcionar solo para categóricos Eh no funciona para para regresivos o para continuos para números"
4176.900,4236.800,es-us,0.84446,,,"Básicamente lo que tengo que decir lo que pasa con Smooth Yo creo que es útil Solo que hay que tomarlo con pincitas tampoco se puede se puede uno tirar al agua y meter Smooth a la maldita sea porque como su nombre lo dice son datos sintéticos sí, sintéticos o sampling technic Y es que para colocarlos en términos sencillos de cómo funciona esto lo que está haciendo esto es, eh? Espera este ah, es este que está buscando cuando nosotros tenemos problemas de minorías, eh? Uno siempre Busca estrategias para balancear Y de nuevo para que no se sobrecargue sobre la sobre la que es más frecuente Entonces en este ejemplo como lo"
4236.900,4296.300,es-us,,,,"Podemos ver Es imagínense que este puntito de la mitad tiene tres cuatro puntitos más estaría desbalanceado con respecto a los demás sí, y lo que yo intento con el sintético es meterle más datos alrededor un poquitico. Sí, como diciendo este se parece voy a generar este que también más o menos se podría parecer y intento simularlo, sí Y sí abusas de eso lo que pasa es que empiezas a generar. Un sesgo empiezas a generar información donde no hay información o sea dónde En realidad son casos que incluso podrían existir nunca entonces, por eso hay que manejarlo con con cuidado la parte de de meter, eh? Datos sintéticos afortunadamente hay estrategias como las que tú dices que son de el mismo algoritmo, yo le puedo decir lo que vas a hacer es que cuando tengas un caso de estos le vas a prestar más atención."
4296.900,4356.500,es-us,0.83597,,,"Pero si tienes un caso de estos en los que hay mucha información les va a prestar menos atención Pero al final, lo que estoy haciendo es forzar ese balanceo, porque va a aprender mucho, es como como yo coloqué El ejemplo, estaba pensando como con el carro que tú siempre manejas un carro específico o una gama de carros Sí y tú lo manejas y y sabes que ya manejar ese carro es relajado porque ya lo tienes, sabes dónde queda la palanca? Sabes cómo se mueve? Sabes cómo es el viraje Pero hay otro carro que manejas de vez en cuando a ese carro tú le haces para armar más bolas porque lo quieres manejar igual de bien y si te das cuenta tu atención es como si los errores, los castigarás más duros en ese carro nuevo porque tiene diferente configuración y quieres manejarlo igual de bien Es lo mismo que hacía que haría el modelo cuando le aplicas ese peso que le dices, eh, Sí paralelas incluso lo que suelen hacer es que"
4357.000,4416.500,es-us,,,,"Fuerza de la frecuencia, si es muy frecuente, pero para darle menos bolas. Si es, eh? Menos frecuente, Párale más bolas, Sí entonces esa es una forma que se podría lograr hacer, pero yo te diría cada problema tiene su naturaleza y a veces es suficiente con meterle datos sintéticos a veces Ya necesitas algo más fuerte como castigarlo con con decirle parley, más bolas a este ahí tocaba mirar incluso me haces acordar, eh? Lo que yo les comentaba de estás como la frontera que encontré que me ha gustado mucho, es un algoritmo que creó un humano que es muy peso de hecho, es este sistema este Man creó ese algoritmo y básicamente lo que hace es combinar espacios embebidos y porque estoy mencionando espacios embebidos porque"
4417.000,4476.500,es-us,0.82348,,,"Una de las ventajas que también tiene este algoritmo que el desarrollo es que cuando hayan casos como estos de desbalanceo también se pueda a partir del espacio embebido encontrar el patrón y no depender tanto de la cantidad de datos sino encontrar el patrón que hay detrás de así sean pocos encontrar el patrón que representa esa cantidad de datos Y eso reduce la sensibilidad a que haya desbalanceo, o sea cómo te das cuenta ahí muchos posibles soluciones, pero ya dependiendo del problema, pues ya tomas una decisión, vale? Vale, chicos, por favor, me pueden confirmar, voy a enviarles el el de Carl's scraping. Lo voy a enviar al grupo, entonces acá ustedes pueden"
4477.000,4536.800,es-us,0.66862,,,"Ceder y decirme Si tienen acceso, es que no estoy seguro si lo tengo privado o no, o si no lo tengo modificarlo, que esto sería en seguridad, me imagino que no sea un 10 rayos es la seguridad acá. Creo que se está privado Si tienen acceso ustedes. Creo que no, Ah no Espera espera la página cuatro, dame un segundo que aquí ya meto. Entonces el código de multi-factor authentication y ya creo que ustedes podían verlo y vuelven a intentar en un momento que yo."
4537.000,4596.800,es-us,,,,"Eso creo que ya creo que ya tiene, ya voy a intentar otra vez, porfa, Ya deberían tener acceso al código chicos, por favor, sí, ya ya tenemos acceso epa epa entonces ahí ya meten lo ponen ahí en su en su computador y le meten candela y se ponen a jugar ahí con eso necesitan mongodb. Ahí ya se dieron cuenta librerías y cualquier Sí cualquier duda, pues me me preguntas. Me preguntan Ahí cualquier cosa que que haga falta, vale Y ya muchachos. Esto era todo por esta sesión la próxima sesión, pues ya es, eh? Analizar más el documento y empezar a tomar decisiones en la preparación de los datos para hacer estás transformaciones."
4597.000,4623.800,es-us,0.81909,,,"Y ahí vamos andando ya soltaremos a la parte de entrenamiento del modelo todo lo que vemos de Paint johnning, auto emel es más fácil metemos también por ahí una que otra red neuronal para entender cómo funciona y para adelante, listo. Muchísimas gracias César dale a ustedes a ustedes por acompañarme en esta sesión chicos. Nos vemos dentro de ocho días Gracias a muchas gracias, pensé, chao."